{"app":["/app-44d645d13e1589762056.js"],"component---src-pages-404-js":["/component---src-pages-404-js.bc21fae74bb74cd02db9.css","/component---src-pages-404-js-ec3362e69fd0f05049da.js"],"component---src-pages-docs-index-js":["/component---src-pages-docs-index-js.dc21bd298f0455554131.css","/component---src-pages-docs-index-js-88ea92abf05ca63869a1.js"],"component---src-pages-hi-index-js":["/component---src-pages-hi-index-js.18df91c39e6a3b497af2.css","/component---src-pages-hi-index-js-02effcad7bfbe00a4401.js"],"component---src-pages-index-js":["/component---src-pages-index-js.dc21bd298f0455554131.css","/component---src-pages-index-js-90bb68ecc1beb5f4cab9.js"],"component---src-pages-pa-index-js":["/component---src-pages-pa-index-js.18df91c39e6a3b497af2.css","/component---src-pages-pa-index-js-7f6caed5e7f947b885d9.js"],"component---src-pages-pricing-index-js":["/component---src-pages-pricing-index-js.7f35637bceca95f58edf.css","/component---src-pages-pricing-index-js-c60f04dab586174e9700.js"],"component---src-pages-docs-getting-started-index-md":["/component---src-pages-docs-getting-started-index-md.3ddd44eff31fb7c69f3b.css","/component---src-pages-docs-getting-started-index-md-198c2a48c530d2d45915.js"],"component---src-pages-docs-late-notification-index-md":["/component---src-pages-docs-late-notification-index-md.18df91c39e6a3b497af2.css","/component---src-pages-docs-late-notification-index-md-963d650dc92baefdac0d.js"],"component---src-pages-docs-recurring-api-index-md":["/component---src-pages-docs-recurring-api-index-md.f202edb0dc6c78ff46d9.css","/component---src-pages-docs-recurring-api-index-md-ea01ed93a8cfe91d179f.js"],"component---src-pages-docs-refund-management-index-md":["/component---src-pages-docs-refund-management-index-md.18df91c39e6a3b497af2.css","/component---src-pages-docs-refund-management-index-md-686d1429891311fe7740.js"],"component---src-pages-docs-testing-integration-index-md":["/component---src-pages-docs-testing-integration-index-md.991549127d5f38a177cf.css","/component---src-pages-docs-testing-integration-index-md-70c6968bcbbf5382953f.js"],"component---src-pages-docs-v-1-hosted-e-commerce-websites-index-md":["/component---src-pages-docs-v-1-hosted-e-commerce-websites-index-md.78c506a29ceba80897e4.css","/component---src-pages-docs-v-1-hosted-e-commerce-websites-index-md-4287c26f3ef3d19689a7.js"],"component---src-pages-docs-v-1-plugins-index-md":["/component---src-pages-docs-v-1-plugins-index-md.ae0d09357bd4a88f09f6.css","/component---src-pages-docs-v-1-plugins-index-md-d1650cecd7937a81a292.js"],"component---src-pages-hi-docs-android-index-md":["/component---src-pages-hi-docs-android-index-md.18df91c39e6a3b497af2.css","/component---src-pages-hi-docs-android-index-md-fd7cb1d3a8d3b33baad1.js"],"component---src-pages-pa-docs-android-index-md":["/component---src-pages-pa-docs-android-index-md.18df91c39e6a3b497af2.css","/component---src-pages-pa-docs-android-index-md-e38db80dcc08e6b5a396.js"],"component---src-pages-support-faq-index-md":["/component---src-pages-support-faq-index-md.7913cec236d47c58e6a6.css","/component---src-pages-support-faq-index-md-c634493f6ceb403818ce.js"],"component---src-pages-docs-refund-api-index-md":["/component---src-pages-docs-refund-api-index-md.c8d9f136a214ff3b8949.css","/component---src-pages-docs-refund-api-index-md-48ef6b437bb040c9441c.js"],"component---src-pages-docs-refund-status-api-index-md":["/component---src-pages-docs-refund-status-api-index-md.7d1abd57c5a90f2fbe6b.css","/component---src-pages-docs-refund-status-api-index-md-2c0bd1f00d453727e815.js"],"component---src-pages-docs-transaction-status-api-index-md":["/component---src-pages-docs-transaction-status-api-index-md.41279dd86a34929d8199.css","/component---src-pages-docs-transaction-status-api-index-md-f0e7ad536c955864205e.js"],"component---src-pages-docs-v-1-android-sdk-index-md":["/component---src-pages-docs-v-1-android-sdk-index-md.51b2513d84c64352e624.css","/component---src-pages-docs-v-1-android-sdk-index-md-6a56a867d1a5d50a4aa7.js"],"component---src-pages-docs-v-1-ios-sdk-index-md":["/component---src-pages-docs-v-1-ios-sdk-index-md.75b9f33cb067cdb24bc5.css","/component---src-pages-docs-v-1-ios-sdk-index-md-ed94b9649de668750a2b.js"],"component---src-pages-docs-v-1-payment-gateway-index-md":["/component---src-pages-docs-v-1-payment-gateway-index-md.3d08984c449e46e648bf.css","/component---src-pages-docs-v-1-payment-gateway-index-md-2cc935094f37e4fc3fff.js"]}